case_id,image_width,image_height,is_landscape,ink_pixels,ink_density,stroke_darkness_mean,stroke_darkness_std,skeleton_length,skeleton_density,stroke_thickness_proxy,connected_components_count,small_components_count,largest_component_area,largest_component_area_ratio,mean_component_area,contour_count,endpoints_count,intersections_count,endpoints_per_skeleton_length,intersections_per_skeleton_length,components_per_ink_area,bbox_width,bbox_height,bbox_area_ratio,bbox_aspect_ratio,bbox_center_x_norm,bbox_center_y_norm,drawing_center_distance_norm,perseveration_score,distortion_proxy_score
1,1241,1755,0,27946,0.012831302758780598,63.72779646461032,49.88203516047379,7015,0.0032209113595092643,3.983749108484141,132,108,4176,0.0019173949874997417,206.1060606060606,106,376,59,0.05359942978565938,0.008410548822749744,0.004723395118989358,1200,1687,0.9294957884804782,0.7113218727259503,0.4935535858178888,0.5116809116809117,0.010237851947627066,-1.3665205355385186,-0.3036712543518442
2,1241,1755,0,33761,0.015501238547169248,117.69796510766861,63.60877188884253,6718,0.003084544905656912,5.025454003419849,142,106,7867,0.0036121040150049015,231.42957746478874,114,428,362,0.06370943732305605,0.05388508483865956,0.004206036550925446,1183,1643,0.8924284477870296,0.7200243452708311,0.500402900886382,0.47863247863247865,0.01744792952398765,0.07493020644848096,0.47157559037851204
3,1241,1755,0,29999,0.013773930131706118,81.3953131771059,53.612198627076886,7692,0.003531753410883145,3.9000260005330176,122,92,5294,0.0024307205612604486,240.9672131147541,104,416,245,0.054082163279500495,0.031851274046821205,0.004066802226605327,1165,1494,0.7991487427426186,0.7797858093843468,0.4786462530217567,0.4339031339031339,0.05535779950774145,-1.1164560852092287,-0.3790113385228728
4,1755,1241,1,31808,0.014604525805170446,94.96067027162978,47.82299632570971,7157,0.003286110135425204,4.444320245292117,142,150,6374,0.0029265985752690024,215.71830985915494,111,486,182,0.06790554700741853,0.025429649290843976,0.004464285714145364,1512,1155,0.8018347486518317,1.3090909079574968,0.5113960113960114,0.48912167606768736,0.011226096696527538,-0.5970385289135266,-0.2318886690535899
5,1241,1755,0,33813,0.015525114155251141,125.51524561559164,64.12341784974323,7413,0.003403651590597602,4.56131120942111,138,101,10690,0.004908274046066149,239.91304347826087,116,401,157,0.05409415890272573,0.021179009844708076,0.004081270517135975,1191,1571,0.8590907525637582,0.7581158492946429,0.49717969379532634,0.4792022792022792,0.01705903394538617,-0.059099081067775394,-0.29130022149733614
6,1241,1755,0,71453,0.03280738123606778,45.355506416805454,18.53952345126521,16466,0.007560303128393378,4.339426697173605,114,109,17290,0.007938639687229535,620.578947368421,103,373,375,0.022652738975910802,0.02277420138328834,0.0015954543545883945,1201,1723,0.9501220181316877,0.6970400460260939,0.4931506849315068,0.5014245014245015,0.004122008267294375,-0.5033265486778995,-0.4335760972541787
7,1241,1755,0,99187,0.04554134497728374,82.71675723633138,43.80448121607595,21566,0.009901949305655994,4.599230269655975,158,225,28173,0.01293552897098425,617.7278481012659,132,779,1216,0.03612167300212735,0.0563850505399061,0.0015929506890863426,1196,1591,0.8736801265407228,0.7517284721862171,0.4951651893634166,0.4621082621082621,0.031063918580127938,0.7596655754514416,0.2066671846391687
8,1241,1755,0,32044,0.014712884334157501,124.35432530270877,57.81982930660204,5324,0.0024444949505384637,6.018782868892039,114,53,5340,0.0024518412914867386,277.79824561403507,99,296,255,0.055597295256273986,0.047896318548479276,0.003557608288492148,984,1728,0.7807103452550672,0.5694444441149048,0.4468170829975826,0.49943019943019945,0.03070915101318814,0.658578213285611,-0.1951899854745607
9,1241,1755,0,63579,0.02919206319689801,103.93757372717407,55.36234643360849,12249,0.005624083142213682,5.190546166610291,178,105,13330,0.006120420302531503,353.35955056179773,162,534,859,0.04359539553893416,0.07012817372274241,0.0027996665565233857,1188,1653,0.9016549928717535,0.7186932845016979,0.4879129734085415,0.5054131054131055,0.008260409504713472,0.6082912106707382,0.6892146813664839
10,1241,1755,0,77051,0.03537768227534545,98.53156999909152,49.83611172013238,12290,0.0056429081408936365,6.269406020645288,257,356,12628,0.005798099593425943,290.15564202334633,191,1093,938,0.08893409275110381,0.07632221317523823,0.00333545314138252,1009,1626,0.7532910459582498,0.6205412050304174,0.5092667203867849,0.5290598290598291,0.024322807827827954,1.3928026663027497,1.16663472656505
11,1241,1755,0,40373,0.01853711394404384,93.91410100809948,64.88944317904031,9324,0.004281080187607182,4.330008579544186,185,140,7976,0.003662150962715024,212.1891891891892,125,572,363,0.061347061340481866,0.038931788927613495,0.004582270329066895,1096,1692,0.8514556085869542,0.6477541367330057,0.4637389202256245,0.4897435897435897,0.022548390034921633,-0.48834843471475636,0.254795365286724
12,1241,1755,0,50722,0.02328881909864988,63.35402783801901,29.095423419071114,8191,0.0037608674192074676,6.192406298841117,140,73,7210,0.0033104448898163643,359.15714285714284,134,348,184,0.04248565498199418,0.022463679645652095,0.002760143527409011,1154,1436,0.760871551524251,0.8036211693568097,0.4782433521353747,0.4287749287749288,0.059495761402674145,0.2877895544431794,-0.7087021338553718
13,1241,1755,0,58934,0.02705932859035196,84.62480062442732,47.41674748039519,13012,0.00597441177618454,4.529203811517891,136,108,7694,0.0035326717035016795,428.20588235294116,120,453,1025,0.034814017827020136,0.07877343989557535,0.0023076662028318515,1201,1603,0.8839498520401018,0.7492202116349218,0.4931506849315068,0.4666666666666667,0.02750214405258451,-0.11551114180194762,0.49337428650673076
14,1241,1755,0,50854,0.023349426411473147,73.40574979352657,36.16628964275685,9697,0.00445234176096384,5.244302361014303,161,149,6400,0.002938536379309949,309.0496894409938,135,534,367,0.0550685779050151,0.037846756724982285,0.003165925984127779,1145,1672,0.8790080603134592,0.6848086120306168,0.47139403706688154,0.48575498575498577,0.020200331885848417,-0.0692591043652279,0.15171086077185367
15,1241,1755,0,46527,0.021362700331274062,84.02826315902594,50.910319970269974,11177,0.005131878298679266,4.162744922236491,194,245,7021,0.0032236662373648674,229.15463917525773,131,774,424,0.06924935134031947,0.0379350451786763,0.00416962193985923,1201,1729,0.9534306264362671,0.6946211679036315,0.4931506849315068,0.4997150997150997,0.003961348337788666,-0.5847545879290807,0.6937208788787541
16,1241,1755,0,89844,0.041251541009800476,73.933317750768,39.86890407748456,18880,0.00866868231896435,4.758686440425917,218,287,34777,0.0159677311973847,402.23394495412845,169,913,580,0.04835805084489629,0.03072033898142371,0.0024264280307819508,1201,1729,0.9534306264362671,0.6946211679036315,0.4931506849315068,0.4997150997150997,0.003961348337788666,0.5189092749704786,0.441846415898305
17,1241,1755,0,50033,0.022972467291564793,103.11540383346991,62.97327778441795,10734,0.004928476483673905,4.661170113223293,168,106,12486,0.005732900817510003,293.0,147,474,459,0.04415874789974299,0.04276131916873847,0.0033577838625835394,1200,1725,0.9504328601830616,0.6956521735097668,0.4935535858178888,0.5008547008547009,0.0037867529412890515,0.02506138150076188,0.3660716969745237
18,1241,1755,0,88466,0.040618837395630304,100.0503018108652,56.353329839263665,18779,0.008622308541728364,4.7109004736827895,252,284,20575,0.009446935313172219,342.218253968254,190,934,502,0.04973640768679182,0.02673198785735492,0.0028485519860415465,1197,1729,0.9502551705613752,0.6923076919072829,0.49476228847703463,0.4997150997150997,0.0030329726575737963,0.8339783860391555,0.5278799513913826
19,1241,1755,0,34867,0.01600905436521875,115.31729142168813,63.81051543325597,7548,0.003465636342348671,4.61936936875737,163,142,4425,0.0020317224185072693,206.41104294478527,132,555,305,0.0735294117549643,0.04040805510858399,0.004674907505530303,1200,1728,0.9520857868964234,0.6944444440425668,0.4935535858178888,0.5,0.0037218941447847457,-0.15016359319588282,0.6457879435542604
20,1241,1755,0,54261,0.024913737887146428,75.43060393284311,50.62063967651571,14426,0.006623644657488332,3.7613337027754516,208,224,7494,0.0034408424416482435,252.54326923076923,176,816,707,0.05656453625006484,0.0490087342264655,0.0038333241185412484,1152,1722,0.9108287361309118,0.6689895466498318,0.5128928283642225,0.5017094017094017,0.007573505882578103,-0.753001296235178,0.65208257470503
21,1241,1755,0,39809,0.01827815542561715,131.23122911904343,78.7449179467356,8513,0.003908712530791499,4.676259837345676,190,141,4977,0.0022851711812227524,204.01052631578946,148,571,175,0.0670738869884795,0.02055679548683698,0.004772790072476757,1200,1718,0.9465760311852173,0.6984866119333605,0.4935535858178888,0.5028490028490028,0.004389034892176405,0.21164221703522093,0.348518216886786
22,1241,1755,0,39012,0.01791221581713121,112.36650261458013,60.15359960648375,8808,0.004044160692025317,4.429155312848643,175,152,5305,0.0024357711706623876,216.26857142857142,132,552,224,0.06267029972040528,0.025431425973497793,0.004485799241144115,1094,1593,0.800173557304903,0.6867545507302231,0.4903303787268332,0.46951566951566953,0.025508597256337254,-0.20365620514437732,-0.1558330649419171
23,1241,1755,0,61914,0.028427584591968154,105.58673321058242,46.661998796766675,10507,0.0048242502714702555,5.892642999343995,146,103,13364,0.006136031277046587,417.85616438356163,125,386,415,0.03673741314963953,0.03949747786813577,0.0023581096359085486,1119,1681,0.8636721144376261,0.6656751929412996,0.5132957292506044,0.5065527065527066,0.009356928116796677,0.9678297974019472,-0.14311512000816645
24,1241,1755,0,62222,0.028569001655222446,143.96841953006975,59.74688676707566,13416,0.006159906885128481,4.63789505034005,107,56,30214,0.013872646588198562,578.588785046729,72,258,140,0.01923076922933581,0.010435301132197726,0.0017196489987187868,1201,1729,0.9534306264362671,0.6946211679036315,0.4931506849315068,0.4997150997150997,0.003961348337788666,0.8534614489278911,-0.6915726743976165
25,1241,1755,0,29946,0.013749595377314959,121.43648567421359,56.34550907302731,7321,0.0033614101301450215,4.090424804795735,92,16,5167,0.0023724089799835165,324.5652173913044,83,172,145,0.023494058185562893,0.019806037423875694,0.0030721966204811262,1173,1729,0.9312024353120244,0.6784268359291921,0.5044319097502015,0.4997150997150997,0.0025693540310564346,-0.44945933161276036,-0.6266239612262237
26,1241,1755,0,28385,0.01303286798854889,89.75564558745816,45.573776935740604,6277,0.002882061383270086,4.522064679859477,114,68,5844,0.0026832510313573974,244.140350877193,90,304,127,0.04843077902685506,0.02023259518556116,0.004016205742328124,1106,1672,0.849068047778765,0.6614832531928927,0.4709911361804996,0.49886039886039885,0.016774350226088242,-0.7031572177094924,-0.5055727072364774
27,1755,1241,1,49183,0.02258219292868769,74.38838623101478,44.79415971451995,10561,0.004849044172170683,4.657040052584316,217,206,7762,0.0035638936525318474,218.46082949308754,179,731,337,0.06921693020838775,0.03190985701809394,0.004412093609490839,1729,1137,0.9026233324379981,1.5206684243441788,0.4997150997150997,0.5189363416599516,0.010935538433962607,-0.40237217193137664,0.5311220740720618
28,1241,1755,0,47678,0.021891177733240584,92.95889089307437,54.441004849873394,9341,0.004288885674864724,5.104164435809424,203,143,7748,0.003557465604202107,229.99014778325125,181,625,461,0.06690932447629704,0.0493523177337167,0.004257728931493399,1064,1670,0.8158478940106659,0.6371257481214816,0.43875906526994357,0.5102564102564102,0.03633615317257992,0.0652509140914083,0.44949329564937457
29,1241,1755,0,47199,0.02167124665110161,57.80590690480731,31.33542183343255,9075,0.004166752756599655,5.200991734964078,184,215,7103,0.0032613162347247763,247.43478260869566,146,672,327,0.07404958676869977,0.03603305784726908,0.0038983876776224414,1193,1619,0.8868259445213514,0.7368746135040922,0.49637389202256244,0.4683760683760684,0.02590537586747793,-0.3917608068946336,0.46133839960544
30,1241,1755,0,24049,0.0110420095915664,52.0685683396399,29.169668409302332,5402,0.002480308362661304,4.45186967707296,109,59,3740,0.0017172071966592515,216.43119266055047,101,252,63,0.04664938910650696,0.01166234727662674,0.004532412989956654,1048,1589,0.7646034927259746,0.6595342978857556,0.4315068493150685,0.4598290598290598,0.051377076014726894,-1.3674489675872417,-0.9566568806012955
31,1755,1241,1,67572,0.031025434409801857,74.38866690345114,53.96717721171559,14772,0.006782509280494776,4.57432981285037,250,191,8432,0.003871521679740858,264.14,192,843,595,0.05706742485397594,0.04027890603572442,0.003699757295866635,1729,1201,0.9534306264362671,1.4396336374357754,0.4997150997150997,0.5060435132957293,0.0034970211104674905,-0.05097399201803632,0.832239586539673
32,1755,1241,1,46659,0.02142330764409733,101.73021282067768,58.89576228423194,10180,0.004674109428339888,4.5833988207678384,196,243,6645,0.003051027225080408,228.3622448979592,134,696,124,0.06836935166322501,0.012180746560689513,0.004200690113285739,1729,1146,0.9097681081565047,1.5087260021738864,0.4997150997150997,0.483883964544722,0.009307642637571618,-0.10827790691288301,0.1352445570051229
33,1241,1755,0,36002,0.016530185426236996,101.46811288261763,62.02275528860402,8457,0.0038830003374725375,4.257065152624209,131,137,7575,0.003478033292698885,266.67175572519085,104,464,176,0.05486579164539839,0.02081116234825456,0.0036386867395245075,1201,1729,0.9534306264362671,0.6946211679036315,0.4931506849315068,0.4997150997150997,0.003961348337788666,-0.5139150673840165,-0.01601484860318747
34,1241,1755,0,35904,0.016485189087928814,145.56528520499108,66.66371365134509,6665,0.0030602101512657515,5.386946735875926,120,87,6756,0.003101992465409065,293.75,107,321,199,0.04816204050290142,0.029857464361611782,0.0033422459892117245,1198,1709,0.9400478889600565,0.7009947333522558,0.5048348106365834,0.49401709401709404,0.005626288107588341,0.7072977864184037,-0.03556495297695156
35,1241,1755,0,38161,0.017521482307944838,99.53567778622154,60.931112740929464,7805,0.0035836369438303362,4.889301729034042,148,142,5943,0.002728706515974848,249.10135135135135,119,472,159,0.06047405508514105,0.020371556691816582,0.003878305075761162,1075,1698,0.8381027156208462,0.633097761700178,0.5141015310233682,0.5017094017094017,0.008260409504713472,-0.15994327696811925,-0.25643208152312735
36,1241,1755,0,39977,0.018355292005574037,115.01303249368387,46.25195152626819,7090,0.003255347332704303,5.638504935735049,105,49,9435,0.004332045427935839,377.45714285714286,90,272,565,0.03836389280135911,0.0796897037969408,0.0026265102433242486,1109,1654,0.8422056470404576,0.6704957674301718,0.5278001611603546,0.4948717948717949,0.016587827602152844,0.4952693152958685,0.2824540416080953
37,1241,1755,0,79857,0.03666604681914916,105.98075309615939,75.88056135624652,13523,0.006209035540220069,5.905272498269225,372,392,10279,0.004719564912957338,206.93548387096774,288,1300,427,0.0961325149673791,0.03157583376236221,0.004658326759023526,1200,1724,0.949881884611941,0.6960556840510117,0.4935535858178888,0.4982905982905983,0.003974984689089532,1.3657300985207685,1.6447623341755255
38,1755,1241,1,39242,0.01801781946826266,118.08141786861016,60.96552627898005,7402,0.003398600981195663,5.301540123574501,158,202,6460,0.0029660851578659797,238.63924050632912,135,575,183,0.07768170763608731,0.024723047821572135,0.004026298353701995,1729,1198,0.9510490345300981,1.4432387300139908,0.4997150997150997,0.5072522159548751,0.0041935875565220606,0.3444247643085317,0.4143143124778482
39,1241,1755,0,65592,0.03011632471745284,93.60670508598609,57.62467475124134,13351,0.006130062375026114,4.912890419825264,248,228,7612,0.0034950217061417706,256.9193548387097,208,881,524,0.06598756646947887,0.039247996401823984,0.0037809488961492114,1201,1656,0.9131758920638856,0.725241545455772,0.4931506849315068,0.4789173789173789,0.017662154940015246,0.3580989404292201,0.7793944724158648
40,1755,1241,1,35891,0.01647922018590834,130.64902064584436,61.99700513273636,6940,0.003186475386314226,5.171613832107837,111,69,6475,0.0029729723525049874,319.3333333333333,102,317,163,0.045677233422813074,0.023487031696903884,0.0030926973335072107,1675,981,0.7544577367300977,1.7074413845999579,0.5116809116809117,0.43432715551974216,0.039097884608785556,0.3816190968459976,-0.800193235490116
41,1755,1241,1,36369,0.01669869212173805,134.37424729852347,66.11335241034084,7470,0.003429822930225831,4.868674698143417,144,89,4257,0.001954585838550383,247.96527777777777,127,381,396,0.05100401605742918,0.05301204818567442,0.003959415986033176,1678,967,0.7450227392209665,1.7352637003771834,0.48575498575498577,0.41579371474617244,0.04998914409218558,0.28417581954165244,-0.15087665927512467
42,1241,1755,0,40583,0.018633534668989947,94.09696178202695,61.010307583284124,8438,0.003874276557596461,4.809552025976588,178,99,6757,0.0031024516117183322,223.42696629213484,154,495,273,0.05866319032250969,0.032353638299081104,0.004386072986117683,1150,1682,0.8881267060155054,0.683709868796843,0.4774375503626108,0.5091168091168091,0.015003434953568909,-0.2271907867009748,0.2054048388181709
43,1241,1755,0,31056,0.014259247780601527,124.25360638845956,71.19463524894581,7707,0.003538640605522153,4.029583495000702,171,177,4792,0.002200229114008324,173.55555555555554,145,555,126,0.07201245619929772,0.016348773839840562,0.0055061823800390845,1199,1686,0.9281706922319332,0.7111506520099936,0.4939564867042707,0.5119658119658119,0.010374362667489796,-0.4179257751961492,0.19642090886531582
44,1241,1755,0,46014,0.02112715827462,118.89616203764072,70.29488581011408,10178,0.004673191135721354,4.520927490221956,194,188,6066,0.002785181512014711,229.8762886597938,154,685,446,0.0673020239666632,0.04382000392573983,0.004216108140908939,1200,1725,0.9504328601830616,0.6956521735097668,0.4935535858178888,0.4985754985754986,0.0038993946760904723,0.0879547590269123,0.7572804609539268
45,1241,1755,0,34709,0.015936509248354533,125.24953182171771,71.26412668957342,7025,0.003225502822601936,4.9407829174461515,188,189,5730,0.0026309083521009386,176.9787234042553,154,624,122,0.08882562276315649,0.017366548040232518,0.00541646258879782,1195,1729,0.9486674426239293,0.6911509539091087,0.49556809024979853,0.4997150997150997,0.0025693540310564346,0.1574306898743214,0.5422827683929106
46,1241,1755,0,37069,0.01702009453822508,94.68766354635949,64.21067563399217,8338,0.003828361926669743,4.4457903568666595,197,264,7546,0.0034647180497301366,177.04060913705584,148,794,312,0.09522667305166387,0.03741904533012484,0.005314413660867183,1200,1729,0.9526367624675441,0.6940427989045443,0.4935535858178888,0.4997150997150997,0.0037291563841679483,-0.48705905083970596,0.9909234274248175
47,1241,1755,0,52510,0.024109772699619596,87.75840792230052,68.21434218669751,12446,0.005714534965139317,4.2190261928154404,275,282,5974,0.0027429400515621306,183.52363636363637,233,1018,384,0.08179334725359205,0.03085328619388934,0.0052370976955772785,1104,1729,0.8764258214701406,0.6385193749921808,0.532232070910556,0.4997150997150997,0.018610924532036874,-0.37350713206480196,0.8205899519065546
48,1241,1755,0,39856,0.018299735302152707,113.76859193095143,67.81921130182985,9099,0.004177772268022067,4.380261566723787,157,201,8916,0.004093748493426173,244.3375796178344,129,588,167,0.064622485980369,0.018353665235921128,0.003939181051687596,1171,1661,0.8930538050602514,0.7049969893407604,0.5052377115229654,0.5185185185185185,0.01541963383332462,-0.1915566955164839,-0.02742294800958063
49,1241,1755,0,61656,0.028309124844177223,80.38164979888413,57.129263353033515,11209,0.0051465709805758155,5.5005798906681616,302,357,9044,0.004152519221012372,194.96357615894038,234,1134,521,0.10116870371119915,0.04648050673151213,0.004898144543841667,1201,1729,0.9534306264362671,0.6946211679036315,0.4931506849315068,0.4997150997150997,0.003961348337788666,0.39749467802320754,1.655957701681784
50,1241,1755,0,38114,0.01749990243140928,61.93398751115076,34.16650790907367,6854,0.0031469888037172484,5.560840384365211,133,122,7781,0.003572617432407924,279.01503759398497,108,419,138,0.06113218557614062,0.020134228184981874,0.0034895314056910967,1155,1343,0.7122116848144245,0.860014891392394,0.48186946011281223,0.39373219373219376,0.08739581350614103,-0.33788944761939915,-0.7202920493414677
51,1241,1755,0,69221,0.03178256667378344,95.22436832753067,76.13543223226765,14841,0.006814190375834211,4.664173572895076,362,272,6928,0.00318096563060302,185.22651933701658,304,1168,467,0.07870089616072361,0.03146688228344,0.005229626847268465,1200,1724,0.949881884611941,0.6960556840510117,0.4927477840451249,0.4982905982905983,0.004413623515336611,0.3272443528621145,1.4021582328763074
52,1241,1755,0,48708,0.02236409843178578,120.09384495360105,70.68544174850307,9158,0.00420486190026883,5.318628520930484,232,143,6871,0.0031547942909747905,204.93965517241378,203,650,292,0.07097619566816159,0.03188469097708182,0.004763077933711853,1201,1690,0.9319246724565017,0.7106508871534609,0.4931506849315068,0.5011396011396011,0.004062505426736667,0.5854294299672294,0.7086495757858972
53,1755,1241,1,66959,0.030743977722221073,122.78237428874385,69.57365204807759,11493,0.005276968532407694,5.826068040909591,182,135,8486,0.0038963155804412853,363.1978021978022,151,572,659,0.049769424862980124,0.057339249973258566,0.002718081213836556,1725,1094,0.8664779575335578,1.5767824482844766,0.5008547008547009,0.4629331184528606,0.021412266382598966,1.2845974022359041,0.4566239856790485
54,1241,1755,0,52854,0.024267719030007507,116.9597381465925,64.92364571565582,10042,0.004610747237661017,5.263294163984933,153,81,6225,0.0028581857751881928,341.4052287581699,131,432,493,0.04301931885650076,0.04909380600984925,0.0028947667158040116,1181,1729,0.9375533470618079,0.683053787921889,0.508460918614021,0.4997150997150997,0.004890521461780397,0.6008181486554361,0.3503639914680638
55,1241,1755,0,57805,0.026540952407189313,116.3284317965574,54.45247513003662,9923,0.004556108826858222,5.825355234724846,154,118,9176,0.004213126533835639,369.4935064935065,131,474,335,0.04776781214876873,0.0337599516241298,0.002664129400524797,1196,1357,0.7451816038439729,0.8813559315539012,0.4951651893634166,0.39373219373219376,0.08681154784591803,0.9960504480099366,-0.4562457587039809
56,1241,1755,0,36208,0.016624769565946038,91.20616990720283,77.93287976095785,9637,0.004424792982407809,3.7571858458278315,258,759,3902,0.0017915888987605345,121.29457364341086,179,1677,408,0.1740168101925893,0.04233682680893049,0.007125497127509791,1201,1729,0.9534306264362671,0.6946211679036315,0.4931506849315068,0.4997150997150997,0.003961348337788666,-0.9196967137184432,2.2291380757559405
57,1241,1755,0,29237,0.013424060644044528,108.93744228203988,51.20201250753492,5671,0.0026038187198541753,5.155528124641945,105,54,5388,0.0024738803143315633,274.37142857142857,95,246,168,0.04337859283311962,0.02962440486164267,0.0035913397406166386,1183,1331,0.7229593816217507,0.8888054087987938,0.49798549556809024,0.41766381766381766,0.06723677358617257,-0.07749856251340916,-0.8534927056251453
58,1241,1755,0,31627,0.014521420323193087,125.42103266196604,52.256106363385534,6062,0.002783344926777642,5.217255030482142,77,39,5175,0.002376082150457654,407.0,69,167,128,0.02754866380277983,0.021115143513507892,0.002434628640009023,1133,1603,0.8339010677447422,0.7067997500269496,0.48267526188557613,0.4831908831908832,0.01698273523744492,0.24009274881123852,-0.9352035709793273
59,1241,1755,0,36095,0.016572886032998845,147.70092810638593,59.20863595386288,6166,0.002831096142941429,5.853876093763562,101,61,6760,0.0031038290506461338,352.61386138613864,94,256,120,0.04151800193942296,0.019461563409104512,0.002798171491818862,1106,1669,0.8475446003246164,0.6626722584405798,0.483883964544722,0.5094017094017094,0.012062558583274065,0.9890295548060756,-0.6570139741996578
60,1241,1755,0,25051,0.011502074193452115,143.5407768152968,62.404465517570124,5934,0.0027245741991914433,4.221604313410582,86,23,4942,0.002269101060398401,289.56976744186045,77,152,65,0.025615099422714,0.010953825411029015,0.0034329966866219713,1166,1655,0.8860284073821544,0.7045317216286817,0.5056406124093473,0.49002849002849,0.00876881834691397,-0.1720121525566971,-0.916259401568368
61,1241,1755,0,27573,0.01266004118542394,87.06455590614006,44.37541544319613,4988,0.0022902217906246914,5.527866879404998,99,50,5306,0.002436230316971655,275.14141414141415,89,296,144,0.0593424218004526,0.028869286281301264,0.0035904689368733735,1077,1725,0.8530134920142978,0.6243478257250157,0.46897663174858983,0.5008547008547009,0.017925204997558265,-0.22587689867338356,-0.2930520454845095
62,1241,1755,0,40093,0.01840855297744903,114.55096899708178,53.314000859273726,8988,0.00412680702769341,4.460725411163693,107,32,6730,0.0030900546613681183,371.5981308411215,96,263,416,0.029261237201906848,0.0462839341292519,0.002668795051438685,1090,1643,0.8222713508773138,0.6634205717203769,0.5233682514101531,0.4757834757834758,0.023937098593937358,-0.1327508097296548,-0.41735760681964573
63,1241,1755,0,43562,0.020001331524296874,96.10697396813737,66.12112176337152,10995,0.0050483136703926386,3.961982719057573,233,191,6031,0.00276911139119036,180.30901287553647,173,777,491,0.07066848566887962,0.04465666211508352,0.0053486984067455876,1182,1473,0.7994132110167566,0.8024439913085919,0.5008058017727639,0.4267806267806268,0.05978473493299603,-0.5837182185746335,0.4915673910656167
64,1241,1755,0,29040,0.013333608821118894,103.20719696969697,62.77818264969661,7552,0.0034674729275857396,3.8453389825416657,138,127,4631,0.0021263065582163084,203.8913043478261,117,451,211,0.059719279653109206,0.027939618640368164,0.004752066115538841,1193,1587,0.8692975750187676,0.7517328287638734,0.49637389202256244,0.45925925925925926,0.03333024523804944,-0.8570285984481583,-0.08516061192750124
65,1241,1755,0,36873,0.01693010186160871,92.71705584031676,50.643016611316725,8177,0.003754439370877727,4.509355508804041,125,74,5409,0.002483522386826174,290.552,111,331,311,0.04047939341561949,0.038033508617092635,0.0033900143735690067,1184,1592,0.8654577344343661,0.7437185924976641,0.4863013698630137,0.4931623931623932,0.009680950026677414,-0.48551345713107646,-0.2082032737481287
66,1241,1755,0,45747,0.021004566210045664,100.35211052090847,55.95549661325232,8557,0.003928914968399255,5.346149350783435,158,141,9081,0.004169507634455258,282.6645569620253,127,540,335,0.06310622881113635,0.039149234540241995,0.0034537783897642736,1041,1623,0.7757474327981984,0.6414048055197752,0.44883158742949236,0.4877492877492878,0.031189953156096087,0.25668986480816,-0.07957494496156592
67,1241,1755,0,30777,0.014131145960315984,72.60785651622965,38.4274859646189,5910,0.002713554687769031,5.207614212316816,92,39,5771,0.002649733350780893,331.7173913043478,81,209,151,0.03536379018014149,0.025549915393307965,0.002989245215485939,939,1637,0.7057735352658802,0.5736102623252227,0.49879129734085415,0.4735042735042735,0.021644762518215163,-0.5314904535452301,-1.1211553788195436
68,1241,1755,0,29671,0.013623330142266485,107.00390954130296,66.31617685104872,6733,0.00309143210029592,4.406802316291875,160,126,4942,0.002269101060398401,178.175,128,480,206,0.07129065794277578,0.030595574033774605,0.005392470762515841,1162,1580,0.842974257962171,0.7354430375092132,0.5064464141821112,0.5205128205128206,0.017157084266590527,-0.49222550463377474,0.09893323547611503
69,1241,1755,0,34306,0.01575147328571986,94.15551215530812,52.86468211399223,6729,0.003089595515058851,5.098231534388731,155,129,5187,0.00238159190616886,215.18064516129033,125,484,162,0.07192747806926326,0.024074899684340182,0.004518160088482535,1160,1603,0.853773379156135,0.7236431686065856,0.4798549556809025,0.5202279202279202,0.020200331885848417,-0.20832792900933836,0.013841249737907603
70,1241,1755,0,30012,0.013779899033726593,148.2324736771958,67.7827699307035,5767,0.0026478967655438244,5.204092248100556,88,98,5983,0.002747072368345535,333.03409090909093,84,277,73,0.04803190566186372,0.012658227845906323,0.0029321604690479754,1170,1422,0.7639000805801772,0.8227848095479713,0.4959709911361805,0.41225071225071225,0.07168421506522557,0.521581225144739,-1.0167075756152257
71,1241,1755,0,45083,0.020699693060692255,118.53046602932369,66.64611440303543,9027,0.00414471373375483,4.994239503157833,193,171,6948,0.0031901485567883635,226.55958549222797,158,640,310,0.0708984158556665,0.03434142018008846,0.004280992835341903,1201,1312,0.723482349268006,0.915396340765704,0.4931506849315068,0.3871794871794872,0.09220172322491774,0.31351752310187825,-0.08696214873213948
72,1241,1755,0,49875,0.02289992217470058,114.65892731829574,55.2446140243461,8353,0.0038352491213087506,5.970908654858026,187,91,10174,0.004671354550484285,263.19786096256684,171,443,133,0.053034837776483316,0.0159224230796214,0.0037493734335087843,1185,1497,0.8145002995929668,0.7915831658038855,0.49879129734085415,0.4341880341880342,0.0537393780512332,0.8790801922701778,-0.32221826701489575
73,1241,1755,0,49526,0.022739680112766333,66.48505835318822,48.280493642596916,10308,0.004732880155926086,4.804617772137697,185,141,9471,0.004348574695069458,262.58378378378376,161,536,316,0.05199844780248366,0.03065580131638962,0.003735411702868485,1182,1727,0.9372617891554234,0.6844238560020707,0.491941982272361,0.5002849002849002,0.00465817951045615,-0.42878332927461615,0.28950131736517154
74,1241,1755,0,24439,0.011221076652180601,81.56778100576946,37.937728254631985,5251,0.00241097726996196,4.6541611112827725,93,45,5226,0.0023994986122302803,258.8279569892473,82,212,70,0.04037326222807593,0.013330794131911865,0.003805393019198601,1201,1383,0.7626342142055277,0.8684020239563253,0.4931506849315068,0.4017094017094017,0.08035071344592294,-0.833979457561988,-1.0755896438018278
75,1241,1755,0,45876,0.021063796083941128,83.86210654808615,63.21427797899043,10557,0.004847207586933615,4.345552713427531,223,247,5347,0.002455055315651609,197.5067264573991,174,831,377,0.07871554418123372,0.03571090271519268,0.004860929461922118,1149,1688,0.890519776579406,0.6806872033882184,0.5068493150684932,0.4965811965811966,0.004840475013338707,-0.504251313252103,0.6874738910812155
76,1241,1755,0,31200,0.014325364849136001,149.6303205128205,64.14453883782924,5701,0.0026175931091321904,5.472724082534165,114,88,5938,0.002726410784428512,267.1140350877193,99,326,174,0.0571829503495557,0.030520961229517456,0.0036538461537290435,1058,1650,0.8015317120877153,0.6412121208235078,0.5427074939564867,0.4772079772079772,0.030891861532952213,0.7092333347093249,-0.39181802752592043
77,1241,1755,0,45009,0.020665716233806485,76.76418049723388,37.0296296589467,7928,0.003640111939870199,5.677219979102268,132,79,8026,0.003685108278178383,336.8030303030303,115,345,188,0.04351664984314876,0.023713420784092654,0.002932746783911379,1080,1474,0.7309241926486084,0.7327001351881274,0.508058017727639,0.4361823361823362,0.0523138007215658,0.08205266449838981,-0.8068705626256938
78,1241,1755,0,44888,0.020610159530385155,113.28882997683122,64.90625142369647,8447,0.0038784088743798657,5.314076002685678,192,143,6256,0.002872419310775475,229.15104166666666,162,566,353,0.06700603763856919,0.041789984604973365,0.004277312421932871,1136,1703,0.8882681230787597,0.6670581323152918,0.4717969379532635,0.4945868945868946,0.016872451380161677,0.40451184024350556,0.5132713476667403
79,1241,1755,0,36506,0.016761595166107656,77.56377033912234,49.56787906976659,8525,0.003914222286502705,4.282228738500618,179,213,7221,0.0033154954992183033,194.10055865921788,128,654,169,0.07671554251299524,0.01982404691849571,0.0049033035664026925,1098,1714,0.8641004979441724,0.6406067674208828,0.4645447219983884,0.503988603988604,0.02072785136054537,-0.8284063187314423,0.13497253648783533
80,1241,1755,0,41119,0.018879637090757156,54.33845667453002,25.46752304196001,7336,0.0033682973247840292,5.605098145364627,153,113,6482,0.0029761863766698577,262.80392156862746,128,451,137,0.0614776444845314,0.018675027260267853,0.0037209076095303653,1145,1535,0.8069840745102631,0.7459283382762681,0.5149073327961321,0.5025641025641026,0.008857844165851256,-0.3574659774513158,-0.3508877040414935
81,1241,1755,0,38659,0.017750137169959893,119.79386430068031,67.85815769917716,8438,0.003874276557596461,4.581535908440206,100,92,8056,0.0036988826674563984,380.1,85,334,195,0.039582839530743916,0.02310974164220079,0.0025867197805792513,1159,1729,0.920088339749903,0.6703296699419724,0.48912167606768736,0.4997150997150997,0.00628500264090959,-0.025290315228566135,-0.39170425332247855
82,1241,1755,0,20740,0.009522694454201303,97.20130183220829,37.90310857407523,5420,0.002488572996228113,3.8265682649766477,67,26,4031,0.0018508187726560008,305.86567164179104,64,163,76,0.030073800732458706,0.014022140218815102,0.003230472516719842,1064,1202,0.5872150710184554,0.8851913470173116,0.5040290088638195,0.4361823361823362,0.05215841592836598,-1.1304408099624126,-1.8546581337571424
83,1241,1755,0,32404,0.014878177005493685,119.93627329959264,52.86968797959503,6649,0.0030528638103174766,4.873514813524813,98,39,5831,0.002677282129336924,327.35714285714283,93,198,100,0.02977891411794572,0.0150398556151241,0.0030243179853405655,1047,1727,0.8302141228813268,0.6062536186414281,0.49476228847703463,0.5002849002849002,0.0030329726575737963,-0.003018644584112199,-0.9304134044319258
84,1755,1241,1,48364,0.022206152101397873,83.243486891076,34.95107072301969,8480,0.0038935607025856822,5.703301886119894,134,86,9920,0.004554731387930421,356.1865671641791,119,376,280,0.044339622636280704,0.03301886792063457,0.0027706558596730904,1714,1123,0.883774917296271,1.5262689211698406,0.49544159544159544,0.49717969379532634,0.004062505426736667,0.2597681298959357,-0.1484092351693883
85,1241,1755,0,43247,0.019856700436877713,88.77739496381251,49.396771349495666,10298,0.0047282886928334145,4.199553310914784,101,70,7181,0.003297129646847616,422.8712871287129,93,255,76,0.024762089723755865,0.007380073800021356,0.002335422110150174,1188,1354,0.7385607140643402,0.8774002947729687,0.4983883964544722,0.41452991452991456,0.0697917180959506,-0.568465983978568,-1.392423091346647
86,1241,1755,0,41294,0.018959987694878912,105.69467719281252,56.50025566450714,10072,0.004624521626939032,4.099880857416612,157,122,5284,0.002426129098167777,256.2929936305732,127,472,121,0.04686258935197949,0.012013502778791351,0.0038020051338256886,1131,1593,0.8272360999194198,0.7099811671625981,0.492344883158743,0.46096866096866096,0.03217373789275799,-0.4235759765440649,-0.5429237424429677
87,1755,1241,1,64114,0.029437706472355947,109.14143556789469,54.25879817823604,12266,0.005631888629471224,5.226968856576963,129,59,17271,0.007929915907353457,493.3488372093023,94,315,224,0.02568074351657584,0.018261862056231707,0.0020120410518449632,1664,1130,0.8633419882412631,1.4725663703782597,0.4811965811965812,0.4782433521353747,0.019836770533775718,0.712808871879769,-0.6863236774855025
88,1241,1755,0,43066,0.019773594954900355,82.43398504620815,43.56314195622895,7675,0.003523947923625603,5.611205210995283,95,44,6243,0.0028664504087550016,450.38947368421054,90,198,121,0.025798045599244552,0.01576547231064945,0.0022059165002042,1118,1545,0.7930880114602918,0.7236245950008902,0.459709911361805,0.45071225071225074,0.046482368708029076,0.08564511151242811,-1.0957065712900875
89,1241,1755,0,40164,0.018441152365407,124.88073897022208,53.13146865418034,6564,0.0030138363740297666,6.118829980786284,125,67,10032,0.004606155774568345,316.24,114,281,160,0.042809262638206995,0.024375380861612523,0.003112239816673831,1193,1559,0.8539602517040067,0.7652341239478934,0.49637389202256244,0.4757834757834758,0.019883089544585134,0.8935525565862655,-0.4397521407602
